episode,score,avg_score,loss,epsilon
1,0,0.0,0.0,0.5
2,0,0.0,0.0,0.25
3,0,0.0,0.0,0.125
4,0,0.0,0.0,0.0625
5,0,0.0,0.0,0.0312
6,0,0.0,0.0,0.0156
7,0,0.0,5.3466,0.0078
8,0,0.0,1.681,0.0078
9,0,0.0,1.0068,0.0078
10,0,0.0,0.959,0.0078
11,2,0.18,1.0736,0.0078
12,0,0.17,1.0517,0.0078
13,5,0.54,1.3312,0.0078
14,4,0.79,1.5026,0.0078
15,11,1.47,1.6221,0.0078
16,2,1.5,1.8956,0.0078
17,0,1.41,1.5174,0.0078
18,15,2.17,1.7005,0.0078
19,2,2.16,1.66,0.0078
20,3,2.2,1.6719,0.0078
21,0,2.1,1.7853,0.0078
22,8,2.36,1.734,0.0078
23,20,3.13,1.6942,0.0078
24,10,3.42,1.7095,0.0078
25,17,3.96,1.9127,0.0078
26,16,4.42,1.8798,0.0078
27,3,4.37,1.8515,0.0078
28,7,4.46,2.0252,0.0078
29,9,4.62,1.8774,0.0078
30,20,5.13,2.0363,0.0078
31,3,5.06,1.9127,0.0078
32,7,5.12,2.3606,0.0078
33,8,5.21,2.0325,0.0078
34,20,5.65,2.2883,0.0078
35,17,5.97,2.4032,0.0078
36,2,5.86,2.5266,0.0078
37,7,5.89,2.338,0.0078
38,7,5.92,2.6319,0.0078
39,22,6.33,2.8618,0.0078
40,21,6.7,2.7754,0.0078
41,16,6.93,3.0943,0.0078
42,21,7.26,3.4159,0.0078
43,11,7.35,3.3755,0.0078
44,19,7.61,3.2376,0.0078
45,2,7.49,3.126,0.0078
46,11,7.57,3.5051,0.0078
47,5,7.51,3.4179,0.0078
48,11,7.58,3.4703,0.0078
49,7,7.57,3.7228,0.0078
50,18,7.78,3.5894,0.0078
51,12,8.02,3.7954,0.0078
52,12,8.26,3.7785,0.0078
53,14,8.54,3.7618,0.0078
54,11,8.76,3.6887,0.0078
55,18,9.12,4.2493,0.0078
56,15,9.42,4.1152,0.0078
57,5,9.52,4.2849,0.0078
58,15,9.82,4.3419,0.0078
59,26,10.34,4.2401,0.0078
60,14,10.62,4.6636,0.0078
61,11,10.8,5.003,0.0078
62,0,10.8,3.1545,0.0078
63,22,11.14,4.6417,0.0078
64,3,11.12,3.9636,0.0078
65,17,11.24,4.7649,0.0078
66,15,11.5,4.8931,0.0078
67,9,11.68,4.9521,0.0078
68,13,11.64,5.0973,0.0078
69,18,11.96,5.1688,0.0078
70,17,12.24,5.1166,0.0078
71,11,12.46,4.8509,0.0078
72,12,12.54,5.3866,0.0078
73,7,12.28,5.1638,0.0078
74,17,12.42,5.4218,0.0078
75,21,12.5,5.2749,0.0078
76,12,12.42,5.4726,0.0078
77,17,12.7,5.5114,0.0078
78,25,13.06,5.8076,0.0078
79,16,13.2,5.7742,0.0078
80,24,13.28,5.7747,0.0078
81,6,13.34,5.5804,0.0078
82,11,13.42,6.5251,0.0078
83,13,13.52,6.1084,0.0078
84,9,13.3,5.8887,0.0078
85,24,13.44,6.2965,0.0078
86,20,13.8,5.8458,0.0078
87,9,13.84,6.7506,0.0078
88,18,14.06,6.0759,0.0078
89,17,13.96,6.0879,0.0078
90,12,13.78,6.3249,0.0078
91,11,13.68,6.0586,0.0078
92,23,13.72,6.7678,0.0078
93,16,13.82,6.8527,0.0078
94,23,13.9,6.5235,0.0078
95,20,14.26,7.0121,0.0078
96,8,14.2,6.5356,0.0078
97,21,14.52,6.7444,0.0078
98,10,14.5,6.4419,0.0078
99,7,14.5,6.6576,0.0078
100,23,14.6,6.9668,0.0078
101,22,14.8,7.0432,0.0078
102,8,14.72,7.8708,0.0078
103,13,14.7,7.0939,0.0078
104,18,14.84,7.1939,0.0078
105,4,14.56,7.0591,0.0078
106,10,14.46,7.9032,0.0078
107,28,14.92,7.342,0.0078
108,7,14.76,6.8257,0.0078
109,7,14.38,7.6421,0.0078
110,25,14.6,7.7681,0.0078
111,29,14.96,7.69,0.0078
112,16,15.28,8.0485,0.0078
113,11,15.06,7.2062,0.0078
114,21,15.42,7.9287,0.0078
115,12,15.32,8.5102,0.0078
116,7,15.16,8.0004,0.0078
117,7,15.12,8.8649,0.0078
118,4,14.94,8.066,0.0078
119,17,14.92,8.3331,0.0078
120,3,14.64,8.4065,0.0078
121,7,14.56,8.5928,0.0078
122,2,14.36,8.5991,0.0078
123,16,14.54,8.515,0.0078
124,9,14.38,8.4543,0.0078
125,28,14.52,8.2719,0.0078
126,7,14.42,9.1012,0.0078
127,25,14.58,8.769,0.0078
128,15,14.38,8.3357,0.0078
129,25,14.56,7.8916,0.0078
130,13,14.34,8.4112,0.0078
131,10,14.42,8.4335,0.0078
132,22,14.64,8.9552,0.0078
133,7,14.52,8.6191,0.0078
134,4,14.42,10.6451,0.0078
135,14,14.22,8.5961,0.0078
136,21,14.24,8.6326,0.0078
137,9,14.24,8.5745,0.0078
138,18,14.24,9.2697,0.0078
139,10,14.1,7.782,0.0078
140,6,13.98,7.888,0.0078
141,5,13.86,8.819,0.0078
142,10,13.6,8.8789,0.0078
143,7,13.42,9.2907,0.0078
144,13,13.22,8.4532,0.0078
145,14,13.1,8.5287,0.0078
146,26,13.46,8.7548,0.0078
147,6,13.16,9.7935,0.0078
148,8,13.12,9.5222,0.0078
149,10,13.18,9.4806,0.0078
150,18,13.08,9.4076,0.0078
151,23,13.1,8.7867,0.0078
152,24,13.42,8.8247,0.0078
153,12,13.4,9.0777,0.0078
154,17,13.38,8.9577,0.0078
155,17,13.64,8.6802,0.0078
156,10,13.64,9.4976,0.0078
157,5,13.18,8.7856,0.0078
158,19,13.42,8.4415,0.0078
159,17,13.62,9.0597,0.0078
160,15,13.42,9.058,0.0078
161,3,12.9,10.4232,0.0078
162,16,12.9,8.9064,0.0078
163,14,12.96,9.0027,0.0078
164,7,12.68,9.4567,0.0078
165,17,12.78,9.3543,0.0078
166,4,12.72,9.581,0.0078
167,10,12.78,9.0454,0.0078
168,12,12.94,8.7886,0.0078
169,6,12.72,9.0708,0.0078
170,5,12.76,10.0575,0.0078
171,19,13.0,9.7873,0.0078
172,15,13.26,9.318,0.0078
173,21,13.36,9.4292,0.0078
174,15,13.48,9.551,0.0078
175,8,13.08,9.8053,0.0078
176,12,13.18,9.8527,0.0078
177,15,12.98,9.4233,0.0078
178,12,12.92,10.7171,0.0078
179,13,12.68,9.6949,0.0078
180,20,12.82,10.0745,0.0078
181,14,12.9,9.8166,0.0078
182,11,12.68,9.8555,0.0078
183,7,12.68,11.1091,0.0078
184,18,12.96,10.1256,0.0078
185,22,13.12,10.1848,0.0078
186,10,12.9,9.7279,0.0078
187,13,12.98,9.7624,0.0078
188,12,12.86,10.7762,0.0078
189,12,12.9,9.8939,0.0078
190,17,13.12,10.5982,0.0078
191,19,13.4,10.1568,0.0078
192,22,13.64,9.9523,0.0078
193,24,13.98,10.2462,0.0078
194,4,13.8,9.9316,0.0078
195,0,13.52,11.4557,0.0078
196,12,13.24,10.1,0.0078
197,14,13.4,11.0406,0.0078
198,10,13.44,11.617,0.0078
199,5,13.34,10.6822,0.0078
200,12,13.22,10.456,0.0078
201,15,13.06,11.0553,0.0078
202,9,12.76,11.3652,0.0078
203,8,12.68,11.0383,0.0078
204,10,12.54,10.8109,0.0078
205,10,12.4,9.5206,0.0078
206,23,12.66,10.9576,0.0078
207,14,12.84,10.6201,0.0078
208,17,12.8,10.9541,0.0078
209,13,12.72,11.8802,0.0078
210,10,12.62,11.1258,0.0078
211,24,13.04,11.113,0.0078
212,11,12.94,10.3517,0.0078
213,18,13.02,11.3037,0.0078
214,12,13.12,10.1747,0.0078
215,7,12.92,13.1298,0.0078
216,0,12.84,10.375,0.0078
217,0,12.64,8.887,0.0078
218,11,12.62,11.8548,0.0078
219,18,12.86,11.0044,0.0078
220,29,13.34,11.2279,0.0078
221,10,13.16,12.6217,0.0078
222,23,13.32,11.21,0.0078
223,13,13.16,11.6716,0.0078
224,9,13.04,11.5182,0.0078
225,17,13.22,11.8038,0.0078
226,20,13.38,11.2127,0.0078
227,14,13.36,12.1899,0.0078
228,14,13.4,11.3004,0.0078
229,10,13.34,11.3142,0.0078
230,0,12.94,10.946,0.0078
231,23,13.12,10.8095,0.0078
232,16,13.22,11.9074,0.0078
233,13,13.34,11.3008,0.0078
234,22,13.42,11.7213,0.0078
235,16,13.3,11.2078,0.0078
236,16,13.42,11.6995,0.0078
237,24,13.64,12.3995,0.0078
238,16,13.72,11.9578,0.0078
239,10,13.68,10.7457,0.0078
240,15,13.64,11.9079,0.0078
241,12,13.5,11.9494,0.0078
242,13,13.32,12.1408,0.0078
243,5,12.94,9.5017,0.0078
244,23,13.32,13.0424,0.0078
245,14,13.6,11.5985,0.0078
246,26,13.88,12.3779,0.0078
247,9,13.78,11.3009,0.0078
248,22,14.02,11.6889,0.0078
249,8,14.08,11.064,0.0078
250,20,14.24,11.4729,0.0078
251,22,14.38,12.006,0.0078
252,14,14.48,11.0631,0.0078
253,13,14.58,11.9284,0.0078
254,14,14.66,12.1188,0.0078
255,18,14.82,13.5468,0.0078
256,15,14.66,12.3822,0.0078
257,19,14.76,12.3049,0.0078
258,22,14.86,12.932,0.0078
259,7,14.74,12.4481,0.0078
260,15,14.84,11.7956,0.0078
261,22,14.8,12.1368,0.0078
262,26,15.1,12.328,0.0078
263,9,14.92,13.5729,0.0078
264,17,15.02,11.9697,0.0078
265,24,15.36,12.2015,0.0078
266,19,15.74,13.2108,0.0078
267,15,16.04,13.3612,0.0078
268,17,16.16,12.8661,0.0078
269,16,16.12,12.1624,0.0078
270,11,15.76,12.9302,0.0078
271,18,15.92,12.9779,0.0078
272,23,15.92,12.4668,0.0078
273,18,16.02,14.0757,0.0078
274,13,16.1,13.8771,0.0078
275,11,15.98,12.5593,0.0078
276,22,16.02,12.9738,0.0078
277,9,15.92,14.0533,0.0078
278,22,16.08,12.7831,0.0078
279,28,16.44,12.8589,0.0078
280,13,16.7,12.9857,0.0078
281,18,16.6,12.8243,0.0078
282,17,16.62,12.3919,0.0078
283,11,16.58,13.8863,0.0078
284,8,16.3,11.9587,0.0078
285,11,16.2,13.3643,0.0078
286,17,16.22,12.259,0.0078
287,23,16.2,12.2422,0.0078
288,13,16.14,12.1929,0.0078
289,7,16.08,13.4639,0.0078
290,11,16.0,12.3643,0.0078
291,17,16.1,12.5444,0.0078
292,3,15.9,17.4326,0.0078
293,20,16.2,13.6032,0.0078
294,13,16.0,11.678,0.0078
295,15,16.02,13.2481,0.0078
296,16,15.82,12.3852,0.0078
297,8,15.8,12.0657,0.0078
298,16,15.68,12.5408,0.0078
299,7,15.66,12.3539,0.0078
300,17,15.6,14.1019,0.0078
301,19,15.54,14.1116,0.0078
302,7,15.4,13.0131,0.0078
303,6,15.26,12.9626,0.0078
304,11,15.2,14.4655,0.0078
305,22,15.28,13.8841,0.0078
306,23,15.44,13.672,0.0078
307,14,15.34,13.8052,0.0078
308,4,14.98,11.8692,0.0078
309,11,15.06,14.2336,0.0078
310,5,14.86,15.7884,0.0078
311,11,14.64,12.8556,0.0078
312,15,14.42,14.186,0.0078
313,20,14.64,12.9731,0.0078
314,1,14.32,14.478,0.0078
315,1,13.86,7.7357,0.0078
316,15,13.78,16.3326,0.0078
317,17,13.82,14.7744,0.0078
318,18,13.84,12.2906,0.0078
319,5,13.62,10.5353,0.0078
320,15,13.7,14.1471,0.0078
321,4,13.42,13.35,0.0078
322,13,13.22,14.8453,0.0078
323,27,13.4,14.6497,0.0078
324,13,13.4,13.9255,0.0078
325,15,13.48,13.5204,0.0078
326,10,13.24,13.2325,0.0078
327,14,13.34,15.5597,0.0078
328,27,13.44,14.5216,0.0078
329,19,13.26,14.2633,0.0078
330,9,13.18,15.7551,0.0078
331,8,12.98,15.8973,0.0078
332,13,12.9,14.1869,0.0078
333,9,12.86,17.6901,0.0078
334,14,12.98,14.533,0.0078
335,8,12.92,14.7055,0.0078
336,17,12.92,17.5454,0.0078
337,12,12.7,17.6629,0.0078
338,21,12.86,14.6389,0.0078
339,11,12.94,17.5058,0.0078
340,15,13.02,15.5262,0.0078
341,12,12.92,17.6849,0.0078
342,14,13.14,15.1217,0.0078
343,5,12.84,16.566,0.0078
344,14,12.86,16.0115,0.0078
345,17,12.9,15.9069,0.0078
346,31,13.2,16.3467,0.0078
347,18,13.4,16.7994,0.0078
348,21,13.5,15.5911,0.0078
349,10,13.56,15.8034,0.0078
350,24,13.7,15.4233,0.0078
351,17,13.66,15.9632,0.0078
352,18,13.88,15.5248,0.0078
353,24,14.24,16.7132,0.0078
354,9,14.2,17.6249,0.0078
355,11,13.98,16.7668,0.0078
356,23,13.98,16.6826,0.0078
357,8,13.86,14.4977,0.0078
358,25,14.28,16.8359,0.0078
359,14,14.34,16.4581,0.0078
360,21,14.66,16.7327,0.0078
361,11,14.66,16.788,0.0078
362,10,14.56,15.1302,0.0078
363,15,14.46,17.6479,0.0078
364,20,14.84,16.2808,0.0078
365,10,15.02,15.9533,0.0078
366,26,15.24,17.2777,0.0078
367,5,15.0,16.7889,0.0078
368,13,14.9,17.8963,0.0078
369,13,15.06,18.9083,0.0078
370,29,15.34,16.588,0.0078
371,15,15.56,17.8059,0.0078
372,25,15.8,17.4982,0.0078
373,17,15.6,16.928,0.0078
374,15,15.64,17.7079,0.0078
375,16,15.66,16.7282,0.0078
376,29,16.04,16.5782,0.0078
377,17,16.1,15.5062,0.0078
378,9,15.74,16.807,0.0078
379,20,15.76,17.5695,0.0078
380,15,15.88,15.3565,0.0078
381,11,15.94,19.0343,0.0078
382,20,16.08,17.1604,0.0078
383,24,16.38,15.3145,0.0078
384,6,16.22,19.2608,0.0078
385,19,16.44,17.1463,0.0078
386,12,16.34,18.2715,0.0078
387,13,16.36,17.1879,0.0078
388,9,16.12,16.887,0.0078
389,20,16.3,18.0384,0.0078
390,9,16.18,16.0133,0.0078
391,15,16.24,16.2786,0.0078
392,19,16.34,17.5704,0.0078
393,19,16.62,16.416,0.0078
394,7,16.48,21.2153,0.0078
395,1,16.16,11.2279,0.0078
396,13,15.8,18.9374,0.0078
397,16,15.76,17.7266,0.0078
398,6,15.46,16.7754,0.0078
399,20,15.66,15.9327,0.0078
400,10,15.38,15.6244,0.0078
401,15,15.34,17.8232,0.0078
402,14,15.26,17.2469,0.0078
403,16,15.1,19.2062,0.0078
404,18,15.28,18.69,0.0078
405,22,15.5,17.529,0.0078
406,19,15.42,18.4017,0.0078
407,1,15.28,20.8186,0.0078
408,10,14.98,15.6039,0.0078
409,30,15.3,16.012,0.0078
410,17,15.22,16.5338,0.0078
411,21,15.42,18.2273,0.0078
412,20,15.62,17.6684,0.0078
413,3,15.38,14.0304,0.0078
414,28,15.54,20.0985,0.0078
415,7,15.48,17.3894,0.0078
416,17,15.3,17.7627,0.0078
417,8,15.36,17.3876,0.0078
418,3,15.16,17.4631,0.0078
419,16,15.22,16.2384,0.0078
420,17,14.98,19.4407,0.0078
421,21,15.1,17.9025,0.0078
422,9,14.78,15.4336,0.0078
423,8,14.6,15.854,0.0078
424,12,14.54,17.1658,0.0078
425,27,14.76,17.3792,0.0078
426,12,14.42,14.4786,0.0078
427,13,14.34,18.0627,0.0078
428,17,14.5,15.2304,0.0078
429,13,14.36,14.2186,0.0078
430,10,14.26,17.9636,0.0078
431,18,14.4,15.7673,0.0078
432,6,14.12,13.1034,0.0078
433,22,14.08,17.8636,0.0078
434,7,14.1,17.0581,0.0078
435,6,13.84,19.958,0.0078
436,11,13.82,18.3328,0.0078
437,24,14.04,16.9806,0.0078
438,8,14.02,17.9927,0.0078
439,17,13.96,15.3076,0.0078
440,9,13.96,18.4541,0.0078
441,18,14.02,17.3033,0.0078
442,13,13.9,16.3712,0.0078
443,11,13.74,19.2077,0.0078
444,23,14.06,16.6055,0.0078
445,18,14.4,18.8094,0.0078
446,11,14.36,18.6101,0.0078
447,19,14.42,17.9692,0.0078
448,15,14.6,19.5459,0.0078
449,21,14.62,19.2549,0.0078
450,9,14.6,18.6261,0.0078
451,13,14.56,18.8716,0.0078
452,21,14.7,17.5487,0.0078
453,15,14.68,16.6894,0.0078
454,6,14.44,15.5693,0.0078
455,14,14.28,20.4091,0.0078
456,11,14.12,16.0802,0.0078
457,9,14.28,18.8341,0.0078
458,9,14.26,15.6642,0.0078
459,4,13.74,13.8867,0.0078
460,9,13.58,18.7412,0.0078
461,13,13.42,17.7768,0.0078
462,19,13.4,17.3563,0.0078
463,12,13.58,17.9665,0.0078
464,11,13.24,17.2961,0.0078
465,24,13.58,19.4336,0.0078
466,2,13.28,23.318,0.0078
467,8,13.28,16.6881,0.0078
468,17,13.56,19.8598,0.0078
469,13,13.5,18.7072,0.0078
470,24,13.64,18.9207,0.0078
471,14,13.5,21.678,0.0078
472,0,13.32,8.4415,0.0078
473,12,13.4,16.4726,0.0078
474,17,13.5,20.6856,0.0078
475,0,12.96,35.5599,0.0078
476,9,12.9,21.4163,0.0078
477,21,13.06,19.5927,0.0078
478,24,13.2,19.4178,0.0078
479,7,13.08,22.4091,0.0078
480,22,13.32,19.0551,0.0078
481,15,13.26,19.1335,0.0078
482,7,13.28,20.3021,0.0078
483,15,13.14,16.4265,0.0078
484,3,13.06,23.5674,0.0078
485,6,13.06,20.0269,0.0078
486,19,13.22,23.0748,0.0078
487,8,12.9,22.2625,0.0078
488,9,12.92,22.6842,0.0078
489,22,13.02,20.4765,0.0078
490,9,13.02,21.3179,0.0078
491,9,12.84,27.0162,0.0078
492,11,12.8,18.5673,0.0078
493,10,12.78,23.1054,0.0078
494,18,12.68,21.1931,0.0078
495,9,12.5,25.1075,0.0078
496,7,12.42,23.1863,0.0078
497,12,12.28,21.4718,0.0078
498,1,12.0,14.7562,0.0078
499,15,11.88,22.9997,0.0078
500,5,11.8,22.0777,0.0078
501,24,12.02,20.4803,0.0078
502,22,12.04,20.8023,0.0078
503,8,11.9,23.5546,0.0078
504,28,12.34,22.6199,0.0078
505,19,12.44,20.9748,0.0078
506,12,12.46,27.6742,0.0078
507,11,12.5,21.854,0.0078
508,10,12.52,24.6682,0.0078
509,19,12.82,20.1057,0.0078
510,9,12.82,28.0195,0.0078
511,12,12.8,18.2748,0.0078
512,18,12.78,23.9146,0.0078
513,18,12.9,24.9888,0.0078
514,16,13.0,25.1797,0.0078
515,11,12.74,22.9759,0.0078
516,22,13.14,23.0566,0.0078
517,27,13.52,22.9012,0.0078
518,23,13.64,24.9643,0.0078
519,19,13.76,25.422,0.0078
520,1,13.3,27.6823,0.0078
521,16,13.34,24.7701,0.0078
522,6,13.46,24.075,0.0078
523,6,13.34,21.7385,0.0078
524,13,13.26,24.6469,0.0078
525,17,13.6,25.9957,0.0078
526,15,13.72,23.3249,0.0078
527,7,13.44,27.5775,0.0078
528,20,13.36,24.5211,0.0078
529,12,13.46,26.711,0.0078
530,9,13.2,24.9866,0.0078
531,25,13.4,24.0251,0.0078
532,22,13.7,26.0035,0.0078
533,10,13.6,23.8298,0.0078
534,9,13.72,25.2673,0.0078
535,5,13.7,24.4029,0.0078
536,4,13.4,21.0748,0.0078
537,13,13.5,24.2196,0.0078
538,9,13.5,22.9101,0.0078
539,10,13.26,27.3741,0.0078
540,11,13.3,25.3178,0.0078
541,28,13.68,24.5638,0.0078
542,19,13.84,27.2862,0.0078
543,9,13.82,28.1532,0.0078
544,10,13.66,26.9117,0.0078
545,20,13.88,22.8224,0.0078
546,12,13.98,23.4862,0.0078
547,7,13.88,23.7843,0.0078
548,28,14.42,23.3384,0.0078
549,11,14.34,21.9818,0.0078
550,17,14.58,22.3454,0.0078
551,16,14.42,25.5843,0.0078
552,13,14.24,26.8864,0.0078
553,3,14.14,25.5272,0.0078
554,10,13.78,25.2522,0.0078
555,18,13.76,24.8637,0.0078
556,9,13.7,24.5464,0.0078
557,6,13.6,21.627,0.0078
558,15,13.7,21.2479,0.0078
559,10,13.52,25.8596,0.0078
560,13,13.6,24.6167,0.0078
561,25,13.86,24.5437,0.0078
562,18,13.86,26.9507,0.0078
563,28,14.06,27.8147,0.0078
564,10,13.94,22.8788,0.0078
565,13,13.98,26.0432,0.0078
566,15,13.84,25.5541,0.0078
567,14,13.58,25.0168,0.0078
568,18,13.48,23.6902,0.0078
569,20,13.5,26.1267,0.0078
570,8,13.64,23.3825,0.0078
571,12,13.56,26.8955,0.0078
572,12,13.68,21.4934,0.0078
573,7,13.7,23.3506,0.0078
574,6,13.56,30.4692,0.0078
575,24,13.7,25.9097,0.0078
576,23,13.86,23.1307,0.0078
577,12,13.96,28.7138,0.0078
578,9,13.74,23.9915,0.0078
579,13,13.76,27.3941,0.0078
580,13,13.84,26.3066,0.0078
581,27,13.88,23.0787,0.0078
582,19,13.82,24.0289,0.0078
583,9,13.8,23.2656,0.0078
584,8,13.78,27.7967,0.0078
585,21,14.1,23.6455,0.0078
586,17,14.36,27.313,0.0078
587,2,14.14,27.0098,0.0078
588,10,14.16,24.9045,0.0078
589,15,14.26,27.1247,0.0078
590,13,14.3,26.4704,0.0078
591,7,13.88,22.0419,0.0078
592,20,13.9,24.8758,0.0078
593,13,13.98,23.7206,0.0078
594,7,13.92,28.659,0.0078
595,8,13.68,23.9639,0.0078
596,16,13.76,27.5916,0.0078
597,10,13.82,24.172,0.0078
598,14,13.54,26.0091,0.0078
599,13,13.58,25.5674,0.0078
600,19,13.62,28.2672,0.0078
601,10,13.5,26.7777,0.0078
602,12,13.48,25.997,0.0078
603,7,13.56,31.1356,0.0078
604,18,13.72,24.2563,0.0078
605,12,13.6,28.666,0.0078
606,21,13.84,26.83,0.0078
607,15,14.02,27.0298,0.0078
608,10,13.92,24.6133,0.0078
609,9,13.9,25.0349,0.0078
610,5,13.74,20.4582,0.0078
611,18,13.6,27.3137,0.0078
612,19,13.62,26.299,0.0078
613,18,13.42,25.7109,0.0078
614,21,13.64,27.2621,0.0078
615,6,13.5,27.9647,0.0078
616,6,13.32,30.7139,0.0078
617,4,13.12,25.5197,0.0078
618,11,12.98,31.1829,0.0078
619,10,12.78,25.2451,0.0078
620,17,12.96,23.5018,0.0078
621,17,13.06,25.2358,0.0078
622,5,12.92,28.0684,0.0078
623,0,12.78,47.0911,0.0078
624,24,13.14,26.0931,0.0078
625,20,13.06,29.9655,0.0078
626,18,12.96,25.3158,0.0078
627,11,12.94,28.5908,0.0078
628,6,12.88,26.2918,0.0078
629,6,12.74,17.8754,0.0078
630,8,12.64,25.9427,0.0078
631,3,12.16,26.6787,0.0078
632,8,11.94,24.2558,0.0078
633,25,12.26,27.3824,0.0078
634,5,12.2,25.9712,0.0078
635,8,11.94,25.1979,0.0078
636,22,12.04,27.4221,0.0078
637,15,12.3,25.2157,0.0078
638,9,12.28,25.9595,0.0078
639,17,12.32,24.8985,0.0078
640,27,12.6,26.046,0.0078
641,25,12.96,28.6982,0.0078
642,20,12.96,28.6606,0.0078
643,15,13.0,23.8707,0.0078
644,21,13.28,29.8548,0.0078
645,13,13.38,26.3372,0.0078
646,18,13.42,26.6474,0.0078
647,9,13.4,20.9477,0.0078
648,15,13.42,26.045,0.0078
649,14,13.44,26.1426,0.0078
650,23,13.52,25.4904,0.0078
651,17,13.66,24.8134,0.0078
652,14,13.7,25.2043,0.0078
653,19,13.94,28.1101,0.0078
654,14,13.86,25.0608,0.0078
655,13,13.88,27.7357,0.0078
656,8,13.62,26.6415,0.0078
657,18,13.68,25.9095,0.0078
658,12,13.72,25.2293,0.0078
659,12,13.78,27.6388,0.0078
660,15,13.98,23.2939,0.0078
661,12,13.86,24.6159,0.0078
662,15,13.78,27.0407,0.0078
663,21,13.84,26.0604,0.0078
664,22,13.86,28.9576,0.0078
665,21,14.16,26.5365,0.0078
666,11,14.26,30.5048,0.0078
667,14,14.46,28.4657,0.0078
668,16,14.56,29.9402,0.0078
669,6,14.48,26.6282,0.0078
670,17,14.48,26.4502,0.0078
671,1,14.16,26.2833,0.0078
672,15,14.36,24.8412,0.0078
673,4,14.44,28.2425,0.0078
674,20,14.36,26.1983,0.0078
675,8,14.12,24.349,0.0078
676,8,13.92,28.1696,0.0078
677,8,13.86,25.0945,0.0078
678,16,14.06,24.2301,0.0078
679,7,14.08,25.9757,0.0078
680,22,14.36,26.2037,0.0078
681,25,14.8,26.5799,0.0078
682,21,15.06,29.0689,0.0078
683,15,14.86,24.2522,0.0078
684,14,15.04,21.6769,0.0078
685,17,15.22,23.4042,0.0078
686,16,15.1,22.8906,0.0078
687,9,14.98,25.2137,0.0078
688,26,15.32,25.4046,0.0078
689,13,15.24,20.4217,0.0078
690,14,14.98,30.5942,0.0078
691,22,14.92,25.2295,0.0078
692,10,14.72,23.4562,0.0078
693,17,14.76,22.9756,0.0078
694,20,14.74,22.7364,0.0078
695,10,14.68,25.4313,0.0078
696,7,14.46,20.908,0.0078
697,19,14.66,23.6993,0.0078
698,14,14.64,25.7485,0.0078
699,22,14.8,21.8595,0.0078
700,19,14.72,20.6312,0.0078
701,7,14.52,21.2158,0.0078
702,12,14.48,26.5411,0.0078
703,19,14.48,25.7979,0.0078
704,20,14.6,25.1312,0.0078
705,9,14.52,25.2796,0.0078
706,7,14.5,22.0123,0.0078
707,22,14.58,28.8218,0.0078
708,10,14.54,28.7196,0.0078
709,18,14.66,20.9748,0.0078
710,27,14.9,24.7168,0.0078
711,34,15.34,24.2677,0.0078
712,21,15.46,28.6115,0.0078
713,22,15.48,25.7209,0.0078
714,20,15.44,25.5718,0.0078
715,11,15.24,21.7872,0.0078
716,20,15.42,25.2511,0.0078
717,19,15.52,27.8994,0.0078
718,8,15.36,24.4132,0.0078
719,17,15.58,22.2257,0.0078
720,15,15.54,23.3092,0.0078
721,12,15.76,22.5202,0.0078
722,10,15.66,21.174,0.0078
723,21,16.0,23.4785,0.0078
724,14,15.88,22.216,0.0078
725,13,15.98,23.1186,0.0078
726,12,16.06,24.7476,0.0078
727,7,16.04,25.7049,0.0078
728,16,16.04,25.2294,0.0078
729,12,16.14,24.6162,0.0078
730,14,15.98,25.0421,0.0078
731,13,15.74,25.8511,0.0078
732,17,15.66,25.8454,0.0078
733,17,15.7,22.8063,0.0078
734,16,15.74,22.5213,0.0078
735,15,15.7,20.3399,0.0078
736,19,15.76,23.5122,0.0078
737,18,15.94,25.3359,0.0078
738,14,15.7,26.1526,0.0078
739,10,15.64,25.3553,0.0078
740,9,15.54,22.0181,0.0078
741,13,15.36,25.2969,0.0078
742,19,15.54,26.877,0.0078
743,19,15.58,23.5585,0.0078
744,23,15.64,27.1462,0.0078
745,13,15.7,31.0095,0.0078
746,19,15.94,27.597,0.0078
747,15,15.86,26.5657,0.0078
748,21,16.0,26.3679,0.0078
749,17,15.9,26.9331,0.0078
750,18,15.88,22.9225,0.0078
751,9,15.92,22.1563,0.0078
752,19,16.06,25.5172,0.0078
753,10,15.88,24.9722,0.0078
754,14,15.76,23.6248,0.0078
755,10,15.78,27.9427,0.0078
756,14,15.92,25.4952,0.0078
757,13,15.74,26.9907,0.0078
758,15,15.84,25.7701,0.0078
759,3,15.54,40.8916,0.0078
760,7,15.14,20.9233,0.0078
761,11,14.68,26.1457,0.0078
762,17,14.6,25.2295,0.0078
763,9,14.34,21.0085,0.0078
764,13,14.2,29.2279,0.0078
765,6,14.1,18.9977,0.0078
766,13,13.96,27.1886,0.0078
767,10,13.78,26.3143,0.0078
768,20,14.02,22.8554,0.0078
769,8,13.84,24.5749,0.0078
770,14,13.82,25.0549,0.0078
771,22,14.02,25.0,0.0078
772,22,14.26,26.6993,0.0078
773,17,14.18,25.7508,0.0078
774,17,14.24,21.4393,0.0078
775,8,14.14,25.185,0.0078
776,7,14.04,25.6298,0.0078
777,9,14.08,30.3611,0.0078
778,3,13.82,19.4617,0.0078
779,7,13.72,23.8802,0.0078
780,11,13.66,28.2243,0.0078
781,2,13.44,35.4312,0.0078
782,7,13.24,26.0459,0.0078
783,17,13.24,31.5484,0.0078
784,19,13.3,24.8264,0.0078
785,4,13.08,27.1607,0.0078
786,10,12.9,32.138,0.0078
787,8,12.7,36.3203,0.0078
788,20,12.82,28.8778,0.0078
789,9,12.8,30.9523,0.0078
790,12,12.86,26.8002,0.0078
791,5,12.7,33.6195,0.0078
792,14,12.6,29.2676,0.0078
793,4,12.3,35.3846,0.0078
794,16,12.16,25.1789,0.0078
795,16,12.22,32.6751,0.0078
796,7,11.98,36.6228,0.0078
797,8,11.84,31.6243,0.0078
798,13,11.68,31.7411,0.0078
799,25,11.84,28.6985,0.0078
800,6,11.6,25.3049,0.0078
801,9,11.6,25.2016,0.0078
802,30,11.82,27.1574,0.0078
803,9,11.8,31.2115,0.0078
804,22,11.96,32.6616,0.0078
805,14,12.04,27.7373,0.0078
806,20,12.16,31.144,0.0078
807,6,12.02,34.4609,0.0078
808,9,11.9,28.785,0.0078
809,11,12.06,28.1335,0.0078
810,21,12.34,32.8141,0.0078
811,15,12.42,30.6514,0.0078
812,8,12.24,35.7021,0.0078
813,10,12.26,35.3979,0.0078
814,15,12.3,35.3848,0.0078
815,19,12.56,34.8685,0.0078
816,14,12.58,30.6698,0.0078
817,23,12.84,29.4273,0.0078
818,23,12.9,36.5829,0.0078
819,1,12.76,28.3345,0.0078
820,6,12.6,26.5509,0.0078
821,17,12.5,31.9442,0.0078
822,9,12.24,26.2317,0.0078
823,13,12.16,33.1177,0.0078
824,10,12.02,36.136,0.0078
825,27,12.4,30.1526,0.0078
826,29,12.84,28.2867,0.0078
827,23,13.12,31.397,0.0078
828,19,13.44,34.0214,0.0078
829,20,13.7,31.0439,0.0078
830,14,13.76,32.3804,0.0078
831,20,14.12,31.4459,0.0078
832,14,14.26,33.524,0.0078
833,20,14.32,30.5135,0.0078
834,9,14.12,32.0337,0.0078
835,16,14.36,31.1325,0.0078
836,10,14.36,39.1108,0.0078
837,6,14.32,38.5955,0.0078
838,6,14.04,29.1801,0.0078
839,9,14.04,32.1326,0.0078
840,17,14.14,31.8134,0.0078
841,17,14.38,38.8211,0.0078
842,17,14.44,31.1619,0.0078
843,5,14.46,38.4774,0.0078
844,21,14.56,29.3591,0.0078
845,9,14.42,33.3564,0.0078
846,17,14.62,32.6215,0.0078
847,7,14.6,33.8379,0.0078
848,6,14.46,31.7681,0.0078
849,17,14.3,40.0791,0.0078
850,10,14.38,31.9923,0.0078
851,4,14.28,46.3839,0.0078
852,11,13.9,34.4968,0.0078
853,13,13.98,39.6276,0.0078
854,24,14.02,37.1514,0.0078
855,9,13.92,36.0419,0.0078
856,9,13.7,30.4508,0.0078
857,9,13.76,31.2254,0.0078
858,5,13.68,17.8796,0.0078
859,21,13.88,32.376,0.0078
860,16,13.78,34.9012,0.0078
861,16,13.8,32.6207,0.0078
862,6,13.76,33.5422,0.0078
863,8,13.72,31.3988,0.0078
864,21,13.84,31.8362,0.0078
865,1,13.48,31.4716,0.0078
866,15,13.5,37.8103,0.0078
867,18,13.4,33.0123,0.0078
868,14,13.22,32.2257,0.0078
869,21,13.62,35.612,0.0078
870,8,13.66,32.8707,0.0078
871,4,13.4,44.5832,0.0078
872,16,13.54,35.4108,0.0078
873,18,13.64,41.1627,0.0078
874,15,13.74,34.5926,0.0078
875,13,13.46,35.7006,0.0078
876,22,13.32,32.944,0.0078
877,20,13.26,35.4921,0.0078
878,22,13.32,35.5657,0.0078
879,11,13.14,28.1123,0.0078
880,20,13.26,30.7024,0.0078
881,16,13.18,32.938,0.0078
882,13,13.16,24.5368,0.0078
883,13,13.02,27.9111,0.0078
884,23,13.3,31.9367,0.0078
885,11,13.2,33.4806,0.0078
886,8,13.16,28.6855,0.0078
887,15,13.34,35.29,0.0078
888,7,13.36,29.2119,0.0078
889,15,13.48,32.0717,0.0078
890,13,13.4,31.533,0.0078
891,16,13.38,31.4968,0.0078
892,14,13.32,32.6284,0.0078
893,15,13.52,32.8089,0.0078
894,6,13.22,28.7032,0.0078
895,18,13.4,31.786,0.0078
896,5,13.16,29.5397,0.0078
897,3,13.08,34.0266,0.0078
898,6,13.08,33.0676,0.0078
899,25,13.24,34.9566,0.0078
900,23,13.5,33.9729,0.0078
901,8,13.58,31.1699,0.0078
902,13,13.62,36.4737,0.0078
903,23,13.82,29.7615,0.0078
904,20,13.74,28.3598,0.0078
905,28,14.12,30.4827,0.0078
906,12,14.18,32.1588,0.0078
907,8,14.16,31.4156,0.0078
908,31,14.68,29.9832,0.0078
909,17,14.6,28.5449,0.0078
910,11,14.5,33.1675,0.0078
911,21,14.6,30.4328,0.0078
912,11,14.7,32.9756,0.0078
913,7,14.68,31.1259,0.0078
914,19,14.64,25.3579,0.0078
915,16,14.94,35.5788,0.0078
916,32,15.28,32.0714,0.0078
917,16,15.24,31.9411,0.0078
918,11,15.18,31.3086,0.0078
919,11,14.98,31.7467,0.0078
920,13,15.08,39.3278,0.0078
921,12,15.24,37.2333,0.0078
922,23,15.38,31.2406,0.0078
923,20,15.42,30.5996,0.0078
924,19,15.5,30.9319,0.0078
925,12,15.48,37.5447,0.0078
926,11,15.26,37.0126,0.0078
927,5,14.96,31.5291,0.0078
928,10,14.72,30.9588,0.0078
929,20,14.9,31.845,0.0078
930,3,14.56,27.0895,0.0078
931,11,14.46,30.8375,0.0078
932,19,14.58,32.7468,0.0078
933,4,14.4,39.9979,0.0078
934,14,14.22,31.2795,0.0078
935,17,14.34,37.2296,0.0078
936,21,14.6,35.0943,0.0078
937,12,14.54,33.6182,0.0078
938,7,14.54,34.824,0.0078
939,29,14.82,32.3787,0.0078
940,18,14.92,31.543,0.0078
941,19,14.98,28.3304,0.0078
942,22,15.14,30.2474,0.0078
943,26,15.36,33.1834,0.0078
944,19,15.62,29.9503,0.0078
945,22,15.7,31.122,0.0078
946,10,15.8,30.8164,0.0078
947,1,15.76,27.6251,0.0078
948,8,15.8,30.8424,0.0078
949,21,15.72,28.7601,0.0078
950,17,15.6,30.2657,0.0078
951,22,15.88,34.2313,0.0078
952,8,15.78,29.6655,0.0078
953,18,15.68,34.54,0.0078
954,16,15.6,31.4986,0.0078
955,20,15.44,28.8688,0.0078
956,19,15.58,30.9412,0.0078
957,11,15.64,30.5818,0.0078
958,16,15.34,35.1101,0.0078
959,14,15.28,30.205,0.0078
960,11,15.28,29.4546,0.0078
961,19,15.24,29.275,0.0078
962,13,15.28,27.8911,0.0078
963,14,15.42,25.7135,0.0078
964,17,15.38,35.9936,0.0078
965,24,15.54,26.3583,0.0078
966,13,15.16,28.2241,0.0078
967,19,15.22,31.0867,0.0078
968,9,15.18,25.085,0.0078
969,14,15.24,29.9755,0.0078
970,17,15.32,30.512,0.0078
971,6,15.2,34.8728,0.0078
972,21,15.16,31.4932,0.0078
973,18,15.12,41.2673,0.0078
974,7,14.88,32.9143,0.0078
975,21,15.06,33.7915,0.0078
976,16,15.16,34.8515,0.0078
977,14,15.34,25.9704,0.0078
978,25,15.64,32.0644,0.0078
979,8,15.4,35.3879,0.0078
980,12,15.58,30.5833,0.0078
981,14,15.64,29.0109,0.0078
982,12,15.5,28.9514,0.0078
983,7,15.56,32.144,0.0078
984,17,15.62,27.9612,0.0078
985,6,15.4,29.9142,0.0078
986,16,15.3,30.3866,0.0078
987,17,15.4,35.3888,0.0078
988,20,15.66,30.3998,0.0078
989,9,15.26,33.2431,0.0078
990,20,15.3,33.0312,0.0078
991,24,15.4,30.4895,0.0078
992,5,15.06,35.3338,0.0078
993,26,15.06,39.6376,0.0078
994,15,14.98,30.9501,0.0078
995,14,14.82,31.5293,0.0078
996,17,14.96,33.6631,0.0078
997,19,15.32,30.9038,0.0078
998,10,15.36,38.4442,0.0078
999,6,15.06,38.8639,0.0078
1000,5,14.82,31.1857,0.0078
